{"image_id": "0655.001.JPG", "num_faces": 3}{"face_id": "1_0655.001.JPG", "top%": 47.11246200607903, "left%": 51.1, "bottom%": 53.64741641337386, "right%": 55.400000000000006}{"face_id": "2_0655.001.JPG", "top%": 46.504559270516715, "left%": 60.5, "bottom%": 51.97568389057751, "right%": 64.1}{"face_id": "3_0655.001.JPG", "top%": 39.81762917933131, "left%": 21.2, "bottom%": 51.21580547112462, "right%": 28.7}